<?xml version="1.0" encoding="UTF-8"?>
<project-private xmlns="http://www.netbeans.org/ns/project-private/1">
    <editor-bookmarks xmlns="http://www.netbeans.org/ns/editor-bookmarks/2" lastBookmarkId="0"/>
    <open-files xmlns="http://www.netbeans.org/ns/projectui-open-files/2">
        <group>
            <file>file:/N:/OneDrive%20-%20Arizona%20State%20University/Classes/EGR%20314/Design/RFID%20code/RFID%20sketch3-17/RDIF%20Sketch.X/RFID.c</file>
            <file>file:/N:/OneDrive%20-%20Arizona%20State%20University/Classes/EGR%20314/Design/RFID%20code/RFID%20sketch3-17/RDIF%20Sketch.X/mcc_generated_files/i2c1_master.c</file>
            <file>file:/N:/OneDrive%20-%20Arizona%20State%20University/Classes/EGR%20314/Design/RFID%20code/RFID%20sketch3-17/RDIF%20Sketch.X/mcc_generated_files/examples/i2c1_master_example.c</file>
            <file>file:/N:/OneDrive%20-%20Arizona%20State%20University/Classes/EGR%20314/Design/RFID%20code/RFID%20sketch3-17/RDIF%20Sketch.X/RFID.h</file>
            <file>file:/N:/OneDrive%20-%20Arizona%20State%20University/Classes/EGR%20314/Design/RFID%20code/RFID%20sketch3-17/RDIF%20Sketch.X/mcc_generated_files/pin_manager.h</file>
            <file>file:/N:/OneDrive%20-%20Arizona%20State%20University/Classes/EGR%20314/Design/RFID%20code/RFID%20sketch3-17/RDIF%20Sketch.X/main.c</file>
        </group>
    </open-files>
</project-private>
